"train/global_step","dpo-beta2.0_lr5e-06 - train/rewards/margins","dpo-beta2.0_lr5e-06 - train/rewards/margins__MIN","dpo-beta2.0_lr5e-06 - train/rewards/margins__MAX","dpo-beta2.0_lr5e-06 - _step","dpo-beta2.0_lr5e-06 - _step__MIN","dpo-beta2.0_lr5e-06 - _step__MAX","dpo-beta1.0_lr5e-06 - train/rewards/margins","dpo-beta1.0_lr5e-06 - train/rewards/margins__MIN","dpo-beta1.0_lr5e-06 - train/rewards/margins__MAX","dpo-beta1.0_lr5e-06 - _step","dpo-beta1.0_lr5e-06 - _step__MIN","dpo-beta1.0_lr5e-06 - _step__MAX","qwen25-7b-dpo-socialiqa - train/rewards/margins","qwen25-7b-dpo-socialiqa - train/rewards/margins__MIN","qwen25-7b-dpo-socialiqa - train/rewards/margins__MAX","qwen25-7b-dpo-socialiqa - _step","qwen25-7b-dpo-socialiqa - _step__MIN","qwen25-7b-dpo-socialiqa - _step__MAX"
"10","-0.11609106063842774","-0.11609106063842774","-0.11609106063842774","0","0","0","-0.03191837072372437","-0.03191837072372437","-0.03191837072372437","0","0","0","-0.004509172651160043","-0.016302173119038345","0.00202845930471085","0","0","0"
"20","0.2558807373046875","0.2558807373046875","0.2558807373046875","1","1","1","-0.008235442638397216","-0.008235442638397216","-0.008235442638397216","1","1","1","0.029643372717691817","-0.0037761306622996925","0.09044426719192415","1","1","1"
"30","0.04757890701293945","0.04757890701293945","0.04757890701293945","2","2","2","0.05116201639175415","0.05116201639175415","0.05116201639175415","2","2","2","0.15196682677633364","-0.009581984067335726","0.6023637149250135","2","2","2"
"40","0.2338412284851074","0.2338412284851074","0.2338412284851074","3","3","3","0.08496259450912476","0.08496259450912476","0.08496259450912476","3","3","3","0.6050544628480565","0.0065345593029633164","2.365831849351525","3","3","3"
"50","0.4875140428543091","0.4875140428543091","0.4875140428543091","4","4","4","0.20223475694656373","0.20223475694656373","0.20223475694656373","4","4","4","1.6794143794919363","0.02976958331419155","4.96148852109909","4","4","4"
"60","0.6739326238632202","0.6739326238632202","0.6739326238632202","6","6","6","0.30328739881515504","0.30328739881515504","0.30328739881515504","6","6","6","2.190153075242415","0.035581289487890896","6.399975423514843","5","5","5"
"70","1.3393741846084595","1.3393741846084595","1.3393741846084595","7","7","7","0.8111507534980774","0.8111507534980774","0.8111507534980774","7","7","7","2.6148868073049623","0.08255061291856691","7.5112835496664045","6","6","6"
"80","2.65695207118988","2.65695207118988","2.65695207118988","8","8","8","1.7270254492759705","1.7270254492759705","1.7270254492759705","8","8","8","3.3907943030043186","0.22021689177490772","9.321672958135604","7","7","7"
"90","3.609939932823181","3.609939932823181","3.609939932823181","9","9","9","2.382147228717804","2.382147228717804","2.382147228717804","9","9","9","3.414235074600825","0.35718844262883065","8.881334310770034","8","8","8"
"100","5.253095865249634","5.253095865249634","5.253095865249634","10","10","10","3.5968597769737243","3.5968597769737243","3.5968597769737243","10","10","10","3.886307472673556","0.6233041753992439","9.409374016523362","9","9","9"
"110","6.052177977561951","6.052177977561951","6.052177977561951","12","12","12","4.440226697921753","4.440226697921753","4.440226697921753","12","12","12","4.280176049346725","0.8316445969045162","9.945938390493392","10","10","10"
"120","6.6397784948349","6.6397784948349","6.6397784948349","13","13","13","4.874989008903503","4.874989008903503","4.874989008903503","13","13","13","4.56831873934716","1.0835494877770544","10.169995161890984","11","11","11"
"130","6.64780912399292","6.64780912399292","6.64780912399292","14","14","14","4.8593963265419005","4.8593963265419005","4.8593963265419005","14","14","14","4.521700424266358","1.1116860842332243","9.999171802401543","12","12","12"
"140","7.294089245796203","7.294089245796203","7.294089245796203","15","15","15","5.305341696739196","5.305341696739196","5.305341696739196","15","15","15","4.496393007412553","1.2732643652707338","9.51630280315876","13","13","13"
"150","8.498515748977661","8.498515748977661","8.498515748977661","16","16","16","6.108082699775696","6.108082699775696","6.108082699775696","16","16","16","4.966245268036922","1.5781175430864096","10.091885042190551","14","14","14"
"160","8.735041379928589","8.735041379928589","8.735041379928589","18","18","18","6.229528760910034","6.229528760910034","6.229528760910034","18","18","18","5.048142227903009","1.6670985009521246","10.180230954289437","15","15","15"
"170","9.509495306015015","9.509495306015015","9.509495306015015","19","19","19","6.998366439342499","6.998366439342499","6.998366439342499","19","19","19","5.52055548876524","1.983442911505699","10.93443160057068","16","16","16"
"180","9.454179525375366","9.454179525375366","9.454179525375366","20","20","20","6.885041856765747","6.885041856765747","6.885041856765747","20","20","20","5.161498152340452","1.9869363095611334","9.820423269271851","17","17","17"
"190","10.141428112983704","10.141428112983704","10.141428112983704","21","21","21","7.4201634407043455","7.4201634407043455","7.4201634407043455","21","21","21","5.69959132373333","2.303139699995518","10.669764184951783","18","18","18"
"200","10.416187715530395","10.416187715530395","10.416187715530395","22","22","22","7.3593570470809935","7.3593570470809935","7.3593570470809935","22","22","22","5.710771074146032","2.355088073015213","10.610338634252548","19","19","19"
"210","9.525954937934875","9.525954937934875","9.525954937934875","24","24","24","6.976676785945893","6.976676785945893","6.976676785945893","24","24","24","5.600929510841767","2.4023765556514265","10.422291028499604","21","21","21"
"220","10.639946889877319","10.639946889877319","10.639946889877319","25","25","25","7.746164488792419","7.746164488792419","7.746164488792419","25","25","25","5.800937475264072","2.5341992318630218","10.579036504030228","22","22","22"
"230","10.920854830741883","10.920854830741883","10.920854830741883","26","26","26","7.913488864898682","7.913488864898682","7.913488864898682","26","26","26","5.832716797788938","2.712236411869526","10.362793579697609","23","23","23"
"240","11.959595012664796","11.959595012664796","11.959595012664796","27","27","27","8.52656900882721","8.52656900882721","8.52656900882721","27","27","27","6.1364121402303375","2.9258730083703997","10.595936447381973","24","24","24"
"250","10.885843086242676","10.885843086242676","10.885843086242676","28","28","28","8.085971820354462","8.085971820354462","8.085971820354462","28","28","28","5.941177440186341","2.9227253034710885","10.182291114330292","25","25","25"
"260","12.033715510368348","12.033715510368348","12.033715510368348","30","30","30","8.797281575202941","8.797281575202941","8.797281575202941","30","30","30","6.22876775463422","3.107978802919388","10.501533097028732","26","26","26"
"270","11.424791717529297","11.424791717529297","11.424791717529297","31","31","31","8.316628658771515","8.316628658771515","8.316628658771515","31","31","31","6.171626776456833","3.0978345200419426","10.547997921705246","27","27","27"
"280","11.168743324279784","11.168743324279784","11.168743324279784","32","32","32","8.132991051673889","8.132991051673889","8.132991051673889","32","32","32","5.969116927186648","3.004122033715248","9.980372834205628","28","28","28"
"290","11.679860305786132","11.679860305786132","11.679860305786132","33","33","33","8.730917477607727","8.730917477607727","8.730917477607727","33","33","33","6.660699824988842","3.3539574161171912","11.379339039325714","29","29","29"
"300","11.380612778663636","11.380612778663636","11.380612778663636","34","34","34","8.591487634181977","8.591487634181977","8.591487634181977","34","34","34","6.465778643389542","3.202815593779087","10.9901202917099","30","30","30"
"310","11.886739921569824","11.886739921569824","11.886739921569824","36","36","36","8.893686532974243","8.893686532974243","8.893686532974243","36","36","36","6.349673179288705","3.291373635828495","10.482932078838349","31","31","31"
"320","12.394275665283203","12.394275665283203","12.394275665283203","37","37","37","9.107785332202912","9.107785332202912","9.107785332202912","37","37","37","6.502687833458185","3.3940321661531927","10.629462154209614","32","32","32"
"330","12.646734166145325","12.646734166145325","12.646734166145325","38","38","38","9.235512804985046","9.235512804985046","9.235512804985046","38","38","38","6.4479112173120186","3.5342522755265238","10.2877994120121","33","33","33"
"340","12.116996812820435","12.116996812820435","12.116996812820435","39","39","39","8.9791668176651","8.9791668176651","8.9791668176651","39","39","39","6.504177315036455","3.5962812185287474","10.436290335655212","34","34","34"
"350","12.49394450187683","12.49394450187683","12.49394450187683","40","40","40","9.082568836212157","9.082568836212157","9.082568836212157","40","40","40","6.447127704322338","3.559359960258007","10.123604336380959","35","35","35"
"360","12.245798492431641","12.245798492431641","12.245798492431641","42","42","42","9.01298280954361","9.01298280954361","9.01298280954361","42","42","42","6.612445431947708","3.738255888223648","10.390087258815765","36","36","36"
"370","12.896181344985962","12.896181344985962","12.896181344985962","43","43","43","9.493426895141601","9.493426895141601","9.493426895141601","43","43","43","6.938495257496833","3.910204681754112","10.93253847360611","37","37","37"
"380","12.345904541015624","12.345904541015624","12.345904541015624","44","44","44","9.059794986248017","9.059794986248017","9.059794986248017","44","44","44","6.559582764531175","3.70131802521646","10.435289800167084","38","38","38"
"390","12.625168085098267","12.625168085098267","12.625168085098267","45","45","45","9.493990492820739","9.493990492820739","9.493990492820739","45","45","45","6.953568967183432","3.9188919395208357","10.97835630774498","39","39","39"
"400","12.479597473144532","12.479597473144532","12.479597473144532","46","46","46","9.224967396259308","9.224967396259308","9.224967396259308","46","46","46","6.6858999078472445","3.678278361260891","10.698878255486488","40","40","40"
"410","12.256910610198975","12.256910610198975","12.256910610198975","48","48","48","8.912451815605163","8.912451815605163","8.912451815605163","48","48","48","6.706084903081258","3.7094575837254524","10.792799508571624","42","42","42"
"420","12.505214476585389","12.505214476585389","12.505214476585389","49","49","49","9.256655621528626","9.256655621528626","9.256655621528626","49","49","49","6.911665440599124","3.876000252366066","11.060806775093079","43","43","43"
"430","12.009386920928955","12.009386920928955","12.009386920928955","50","50","50","8.77018586397171","8.77018586397171","8.77018586397171","50","50","50","6.530836986005306","3.7238907709717752","10.33673262000084","44","44","44"
"440","12.588766193389892","12.588766193389892","12.588766193389892","51","51","51","9.055294787883758","9.055294787883758","9.055294787883758","51","51","51","6.622564938167731","3.878876368701458","10.256998926401138","45","45","45"
"450","12.998374652862548","12.998374652862548","12.998374652862548","52","52","52","9.450854527950288","9.450854527950288","9.450854527950288","52","52","52","6.732763008773328","3.802906094491482","10.560230115056038","46","46","46"
"460","13.107629656791687","13.107629656791687","13.107629656791687","54","54","54","9.541203212738036","9.541203212738036","9.541203212738036","54","54","54","6.782541668415068","3.916554296016693","10.48407826423645","47","47","47"
"470","12.659893107414245","12.659893107414245","12.659893107414245","55","55","55","9.115799486637115","9.115799486637115","9.115799486637115","55","55","55","6.566657173633575","3.806044065952301","10.148329570889473","48","48","48"
"480","12.512916684150696","12.512916684150696","12.512916684150696","56","56","56","9.33892925977707","9.33892925977707","9.33892925977707","56","56","56","6.875533958276113","4.032798337936401","10.639717996120453","49","49","49"
"490","12.698776006698608","12.698776006698608","12.698776006698608","57","57","57","9.230506443977356","9.230506443977356","9.230506443977356","57","57","57","6.7477164044976226","4.03242729306221","10.450960528850555","50","50","50"
"500","12.478331065177917","12.478331065177917","12.478331065177917","58","58","58","8.963842606544494","8.963842606544494","8.963842606544494","58","58","58","6.532604911923408","3.9379226565361023","9.929744893312455","51","51","51"
"510","12.802906847000122","12.802906847000122","12.802906847000122","60","60","60","9.423136520385743","9.423136520385743","9.423136520385743","60","60","60","6.844689807792505","4.048409752547741","10.45746893286705","52","52","52"
"520","12.868383502960205","12.868383502960205","12.868383502960205","61","61","61","9.676779663562774","9.676779663562774","9.676779663562774","61","61","61","6.976758721470833","4.151836478710175","10.518600803613662","53","53","53"
"530","13.149291253089904","13.149291253089904","13.149291253089904","62","62","62","9.804604065418243","9.804604065418243","9.804604065418243","62","62","62","7.006902897854647","4.17394203171134","10.58380580097437","54","54","54"
"540","13.090616250038147","13.090616250038147","13.090616250038147","63","63","63","9.611777400970459","9.611777400970459","9.611777400970459","63","63","63","6.901536790033181","4.024923659861088","10.599745178222657","55","55","55"
"550","12.6445965051651","12.6445965051651","12.6445965051651","64","64","64","9.521014773845673","9.521014773845673","9.521014773845673","64","64","64","6.866292934616408","4.111989995837211","10.481084781885148","56","56","56"
"560","12.483860731124878","12.483860731124878","12.483860731124878","66","66","66","9.268466329574585","9.268466329574585","9.268466329574585","66","66","66","6.805351168910662","4.142907512187958","10.29961696267128","57","57","57"
"570","14.338416862487794","14.338416862487794","14.338416862487794","67","67","67","10.539993572235108","10.539993572235108","10.539993572235108","67","67","67","7.328647536039352","4.4611715346574785","10.933644205331802","58","58","58"
"580","12.612817335128785","12.612817335128785","12.612817335128785","68","68","68","9.291899931430816","9.291899931430816","9.291899931430816","68","68","68","6.5641418645779295","4.043274492025375","9.770524436235428","59","59","59"
"590","13.015802836418152","13.015802836418152","13.015802836418152","69","69","69","9.778230059146882","9.778230059146882","9.778230059146882","69","69","69","6.890121421217917","4.136604538559913","10.327687257528305","60","60","60"
"600","13.342080783843993","13.342080783843993","13.342080783843993","70","70","70","9.907240605354309","9.907240605354309","9.907240605354309","70","70","70","6.966139760613442","4.20101121366024","10.532324656844139","61","61","61"
"610","13.077864122390746","13.077864122390746","13.077864122390746","72","72","72","9.636547875404357","9.636547875404357","9.636547875404357","72","72","72","6.690253422657649","4.097648578882217","10.009283369779586","63","63","63"
"620","13.533738398551941","13.533738398551941","13.533738398551941","73","73","73","9.969767308235168","9.969767308235168","9.969767308235168","73","73","73","7.115213734904924","4.3722979694604875","10.653293025493621","64","64","64"
"630","13.393179726600646","13.393179726600646","13.393179726600646","74","74","74","10.035391438007355","10.035391438007355","10.035391438007355","74","74","74","7.060527358949185","4.163853846490383","10.811233007907868","65","65","65"
"640","13.360285210609437","13.360285210609437","13.360285210609437","75","75","75","9.929923713207245","9.929923713207245","9.929923713207245","75","75","75","7.1267598052819565","4.333333384990692","10.716730678081513","66","66","66"
"650","12.987401580810547","12.987401580810547","12.987401580810547","76","76","76","9.739814579486847","9.739814579486847","9.739814579486847","76","76","76","6.910862848162651","4.112169487774372","10.473262056708336","67","67","67"
"660","13.042000222206116","13.042000222206116","13.042000222206116","78","78","78","9.687598037719727","9.687598037719727","9.687598037719727","78","78","78","6.893613153199354","4.040076246857643","10.509480401873589","68","68","68"
"661","21.702698135375975","21.702698135375975","21.702698135375975","79","79","79","15.49073486328125","15.49073486328125","15.49073486328125","79","79","79","11.164208253224691","6.99978723526001","16.7751672744751","69","69","69"